Date_Time,Author,Title,URL
Сегодня в 20:16,Павел Левкович,Актер и болельщик «Зенита» Мигицко: «В спорте оскорбления и пикировки не уместны»,https://matchtv.ru/hockey/matchtvnews_NI2126471_Akter_i_bolelshhik_Zenita_Migicko_V_sporte_oskorblenija_i_pikirovki_ne_umestny
Сегодня в 20:14,Сергей Астахов,Тренер «Трактора» назвал странным матч КХЛ с «Автомобилистом»,https://matchtv.ru/hockey/matchtvnews_NI2126474_Trener_Traktora_nazval_strannym_match_KKhL_s_Avtomobilistom
Сегодня в 20:00,Сергей Астахов,Тренер «Автомобилиста» Заварухин — о матче с «Трактором»: «Приятно побеждать лидера. Мы не хотели сушить игру»,https://matchtv.ru/hockey/matchtvnews_NI2126469_Trener_Avtomobilista_Zavaruhin__o_matche_s_Traktorom_Prijatno_pobezhdat_lidera_My_ne_khoteli_sushit_igru
Сегодня в 19:49,Андрей Ирха,Заварухин — о победе над «Трактором»: «Ребята сыграли самоотверженно и заслуженно выиграли»,https://matchtv.ru/hockey/matchtvnews_NI2126465_Zavaruhin__o_pobede_nad_Traktorom_Rebata_sygrali_samootverzhenno_i_zasluzhenno_vyigrali
Сегодня в 19:38,Автор не известен,«Трактор» проиграл «Автомобилисту» и прервал серию из пяти побед в КХЛ,https://matchtv.ru/hockey/matchtvnews_NI2126460_Traktor_proigral_Avtomobilistu_i_prerval_seriju_iz_pati_pobed_v_KKhL
Сегодня в 17:52,Автор не известен,«Локомотив» продлил контракт с главным тренером Игорем Никитиным,https://matchtv.ru/hockey/matchtvnews_NI2126414_Lokomotiv_prodlil_kontrakt_s_glavnym_trenerom_Igorem_Nikitinym
Сегодня в 17:36,Автор не известен,«Московское «Динамо» хорошо укомплектовано и играет очень прилично» — экс‑хоккеист Терещенко,https://matchtv.ru/hockey/matchtvnews_NI2126411_Moskovskoje_Dinamo_khorosho_ukomplektovano_i_igrajet_ochen_prilichno__ekskhokkeist_Tereshhenko
Сегодня в 16:06,Автор не известен,«ЦСКА перестраивается и ищет оптимальный состав. У них всё нормализуется в КХЛ» — Крикунов,https://matchtv.ru/hockey/matchtvnews_NI2126386_CSKA_perestraivajetsa_i_ishhet_optimalnyj_sostav_U_nih_vso_normalizujetsa_v_KKhL__Krikunov
Сегодня в 16:01,Автор не известен,Минское «Динамо» поместило канадского форварда Дюбе в список травмированных,https://matchtv.ru/hockey/matchtvnews_NI2126384_Minskoje_Dinamo_pomestilo_kanadskogo_forvarda_Dube_v_spisok_travmirovannyh
Сегодня в 13:53,Александр Рогулев,"«В выездной серии СКА забил мало, нужно лучше реализовывать моменты» — Ротенберг",https://matchtv.ru/hockey/matchtvnews_NI2126340_V_vyjezdnoj_serii_SKA_zabil_malo_nuzhno_luchshe_realizovyvat_momenty__Rotenberg
Сегодня в 13:15,Андрей Ирха,"Мартемьянов: «Уход из «Амура» читался по результатам. Я это принимаю с достоинством, никаких обид на клуб нет»",https://matchtv.ru/hockey/matchtvnews_NI2126325_Martemjanov_Uhod_iz_Amura_chitalsa_po_rezultatam_Ja_eto_prinimaju_s_dostoinstvom_nikakih_obid_na_klub_net
Сегодня в 13:03,Александр Рогулев,"Капитан СКА Никишин: «Нам ничего не мешает играть в хоккей, слышим только своих болельщиков»",https://matchtv.ru/hockey/matchtvnews_NI2126315_Kapitan_SKA_Nikishin_Nam_nichego_ne_meshajet_igrat_v_khokkej_slyshim_tolko_svoih_bolelshhikov
Сегодня в 12:41,Автор не известен,Прохоркин заработает 40 млн рублей по контракту с «Авангардом» — СМИ,https://matchtv.ru/hockey/khl/matchtvnews_NI2126305_Prohorkin_zarabotajet_40_mln_rublej_po_kontraktu_s_Avangardom__SMI
Сегодня в 12:27,Автор не известен,В «Амуре» объяснили решение уволить Мартемьянова,https://matchtv.ru/hockey/matchtvnews_NI2126303_V_Amure_objasnili_reshenije_uvolit_Martemjanova
Сегодня в 12:12,Автор не известен,"Билялов, Плотников и Демидов признаны лучшими игроками недели в КХЛ",https://matchtv.ru/hockey/matchtvnews_NI2126299_Bilalov_Plotnikov_i_Demidov_priznany_luchshimi_igrokami_nedeli_v_KKhL
Сегодня в 11:55,Автор не известен,«Амур» объявил об уходе Мартемьянова с поста главного тренера,https://matchtv.ru/hockey/matchtvnews_NI2126296_Amur_objavil_ob_uhode_Andreja_Martemjanova_s_posta_glavnogo_trenera
27 октября 23:28,Автор не известен,"«Так держать, парни». Губернатор Ярославской области отметил игру «Локомотива» в КХЛ",https://matchtv.ru/hockey/matchtvnews_NI2126160_Tak_derzhat_parni_Gubernator_Jaroslavskoj_oblasti_otmetil_igru_Lokomotiva_v_KKhL
27 октября 21:36,Автор не известен,«Это просто безобразие» — Черкас о поведении болельщиков «Спартака» на матче против СКА,https://matchtv.ru/hockey/matchtvnews_NI2126102_Eto_prosto_bezobrazije__Cherkas_o_povedenii_bolelshhikov_Spartaka_na_matche_protiv_SKA
27 октября 21:01,Автор не известен,"«Живем в непростое время, нужно ценить отечественный спорт, поддерживать развитие КХЛ» — Назаров",https://matchtv.ru/hockey/matchtvnews_NI2126076_Zhivem_v_neprostoje_vrema_nuzhno_cenit_otechestvennyj_sport_podderzhivat_razvitije_KKhL__Nazarov
27 октября 19:46,Автор не известен,«Ротенберг принес на пресс‑конференцию трэш‑ток» — агент Бабаев,https://matchtv.ru/hockey/matchtvnews_NI2126014_Rotenberg_prines_na_presskonferenciju_treshtok__agent_Babajev
27 октября 19:24,Автор не известен,«Ак Барс» победил «Адмирал» в домашнем матче КХЛ,https://matchtv.ru/hockey/matchtvnews_NI2125999_Ak_Bars_pobedil_Admiral_v_domashnem_matche_KKhL
27 октября 19:22,Автор не известен,«Локомотив» обыграл минское «Динамо» и одержал пятую победу подряд в КХЛ,https://matchtv.ru/hockey/matchtvnews_NI2125996_Lokomotiv_obygral_minskoje_Dinamo_i_oderzhal_patuju_pobedu_podrad_v_KKhL
27 октября 19:19,Автор не известен,«Северсталь» обыграла «Амур» в своем 1000‑м матче в КХЛ,https://matchtv.ru/hockey/matchtvnews_NI2125993_Severstal_obygrala_Amur_v_svojem_1000m_matche_v_KKhL
27 октября 19:17,Автор не известен,"«Можно хаять СКА, но по факту клуб делает очень хорошую работу» — Щитов",https://matchtv.ru/hockey/matchtvnews_NI2125990_Mozhno_khajat_SKA_no_po_faktu_klub_delajet_ochen_khoroshuju_rabotu__Shhitov
27 октября 17:46,Автор не известен,"«Спартаку» нужно общаться с болельщиками, чтобы спорт был чище и дружелюбнее» — Быков",https://matchtv.ru/hockey/matchtvnews_NI2125890_Spartaku_nuzhno_obshhatsa_s_bolelshhikami_chtoby_sport_byl_chishhe_i_druzhelubneje__Bykov
27 октября 17:27,Артём Андриянов,"Тренер «Торпедо» Ларионов: «В матче с «Витязем» не хватило свежести. Соперник хотел победить больше, чем мы»",https://matchtv.ru/hockey/matchtvnews_NI2125883_Trener_Torpedo_Larionov_V_matche_s_Vitazem_ne_khvatilo_svezhesti_Sopernik_khotel_pobedit_bolshe_chem_my
27 октября 17:09,Сергей Астахов,"Звягин — о том, почему «Авангард» пропускает первым: «Пока в большинстве игр не находим противоядия»",https://matchtv.ru/hockey/matchtvnews_NI2125862_Zvagin__o_tom_pochemu_Avangard_propuskajet_pervym_Poka_v_bolshinstve_igr_ne_nahodim_protivojadija
27 октября 16:56,Артём Андриянов,"Тренер «Витязя» от победе над «Торпедо»: «Хорошо, что первая шайба не выбила нас из колеи»",https://matchtv.ru/hockey/matchtvnews_NI2125842_Trener_Vitaza_ot_pobede_nad_Torpedo_Khorosho_chto_pervaja_shajba_ne_vybila_nas_iz_kolei
27 октября 16:46,Автор не известен,«КХЛ должна регламентировать поведение болельщиков» — бывший хоккеист «Спартака»,https://matchtv.ru/hockey/matchtvnews_NI2125834_KKhL_dolzhna_reglamentirovat_povedenije_bolelshhikov__byvshij_khokkeist_Spartaka
27 октября 16:46,Автор не известен,«КХЛ должна регламентировать поведение болельщиков» — бывший хоккеист «Спартака»,https://matchtv.ru/hockey/matchtvnews_NI2125835_KKhL_dolzhna_reglamentirovat_povedenije_bolelshhikov__byvshij_khokkeist_Spartaka
27 октября 16:45,Сергей Астахов,"«Обидно проигрывать такие матчи, когда счастье было рядом» — тренер «Металлурга»",https://matchtv.ru/hockey/matchtvnews_NI2125833_Obidno_proigryvat_takije_matchi_kogda_schastje_bylo_radom__trener_Metallurga
27 октября 16:29,Автор не известен,«Авангард» в овертайме победил «Металлург» в матче КХЛ,https://matchtv.ru/hockey/matchtvnews_NI2125827_Avangard_v_overtajme_pobedil_Metallurg_v_matche_KKhL
27 октября 15:57,Сергей Астахов,"«Безопасность и семейная атмосфера — это наш имидж. Здесь не должно быть грязи, нецензурщины, оскорблений» — Курбатов",https://matchtv.ru/hockey/matchtvnews_NI2125754_Bezopasnost_i_semejnaja_atmosfera__eto_nash_imidzh_Zdes_ne_dolzhno_byt_grazi_necenzurshhiny_oskorblenij__Kurbatov
27 октября 14:23,Владимир Пушкарев,Быков — о поведении болельщиков «Спартака» на матче со СКА: «Клубы должны иметь конструктивные контакты со своими фан‑клубами»,https://matchtv.ru/hockey/matchtvnews_NI2125708_Bykov__o_povedenii_bolelshhikov_Spartaka_na_matche_so_SKA_Kluby_dolzhny_imet_konstruktivnyje_kontakty_so_svoimi_fanklubami
27 октября 13:03,Автор не известен,«Авангард» объявил о подписании контракта с экс‑защитником СКА Грантом,https://matchtv.ru/hockey/matchtvnews_NI2125667_Avangard_objavil_o_podpisanii_kontrakta_s_ekszashhitnikom_SKA_Grantom
27 октября 12:08,Автор не известен,Игорь Уланов покинул тренерский штаб хоккейного «Спартака»,https://matchtv.ru/hockey/matchtvnews_NI2125651_Igor_Ulanov_pokinul_trenerskij_shtab_khokkejnogo_Spartaka
27 октября 10:32,Автор не известен,КХЛ оштрафовала «Спартак» за оскорбительные кричалки болельщиков в адрес СКА,https://matchtv.ru/hockey/matchtvnews_NI2125634_KKhL_oshtrafovala_Spartak_za_oskorbitelnyje_krichalki_v_adres_SKA
26 октября 22:51,Автор не известен,СКА подписал меморандум о сотрудничестве с Федерацией хоккея Турции,https://matchtv.ru/hockey/matchtvnews_NI2125505_SKA_podpisal_memorandum_o_sotrudnichestve_s_Federacijej_khokkeja_Turcii
26 октября 20:06,Антон Собровин,"Тарасова: «Я не хожу на хоккей с тех пор, как папа не работает. В СССР не было матерных и оскорбительных кричалок»",https://matchtv.ru/hockey/matchtvnews_NI2125358_Tarasova_Ja_ne_khozhu_na_khokkej_s_teh_por_kak_papa_ne_rabotajet_V_SSSR_ne_bylo_maternyh_i_oskorbitelnyh_krichalok
26 октября 19:20,Автор не известен,Дубль Точилкина не спас «Нефтехимик» от поражения в матче КХЛ с «Автомобилистом»,https://matchtv.ru/hockey/matchtvnews_NI2125313_Dubl_Tochilkina_ne_spas_Neftehimik_ot_porazhenija_v_matche_KKhL_s_Avtomobilistom
26 октября 18:30,Павел Лысенков,"Анисин о словах Каменского про фанатов «Спартака»: «Нужно смотреть правде в глаза, а не комментировать ситуацию так, как выгодно»",https://matchtv.ru/hockey/matchtvnews_NI2125253_Anisin_o_slovah_Kamenskogo_pro_fanatov_Spartaka_Nuzhno_smotret_pravde_v_glaza_a_ne_kommentirovat_situaciju_tak_kak_vygodno
26 октября 17:41,Автор не известен,«Спартак» направил письмо в КХЛ с просьбой дать оценку высказываниям Ротенберга в адрес фанатов,https://matchtv.ru/hockey/matchtvnews_NI2125213_Spartak_napravil_pismo_v_KKhL_s_prosboj_dat_ocenku_vyskazyvanijam_Rotenberga_v_adres_fanatov
26 октября 17:20,Автор не известен,«Спартак» обменял Рукавишникова в «Сибирь»,https://matchtv.ru/hockey/matchtvnews_NI2125199_Spartak_obmenal_Rukavishnikova_v_Sibir
26 октября 16:55,Павел Лысенков,Президент «Северстали» Колобов: «Цель клуба — выйти во второй раунд плей‑офф. Мы уже много лет туда не можем попасть»,https://matchtv.ru/hockey/matchtvnews_NI2125176_Prezident_Severstali_Kolobov_Cel_kluba__vyjti_vo_vtoroj_raund_plejoff_My_uzhe_mnogo_let_tuda_ne_mozhem_popast
26 октября 15:01,Автор не известен,"«Огромные вопросы к руководству «Амура». Бюджет практически максимальный, а результата — ноль» — Артюхин",https://matchtv.ru/hockey/matchtvnews_NI2125106_Ogromnyje_voprosy_k_rukovodstvu_Amura_Budzhet_prakticheski_maksimalnyj_a_rezultata__nol__Artuhin
26 октября 14:38,Антон Собровин,"Радимов — о кричалках «Спартака»: «Ротенберг прав. Выливать грязь на соперника — это не то, куда должен двигаться хоккей»",https://matchtv.ru/hockey/matchtvnews_NI2125099_Radimov__o_krichalkah_Spartaka_Rotenberg_prav_Vylivat_graz_na_sopernika__eto_ne_to_kuda_dolzhen_dvigatsa_khokkej
26 октября 13:03,Автор не известен,"Артюхин: «Не вижу смысла в отставке Звягина из «Авангарда», потому что замены пока нет»",https://matchtv.ru/hockey/matchtvnews_NI2125069_Artuhin_Ne_vizhu_smysla_v_otstavke_Zvagina_iz_Avangarda_potomu_chto_zameny_poka_net
26 октября 12:48,Артём Андриянов,«Смысл оскорблять другие команды? Позор болельщикам «Спартака» — Сушинский,https://matchtv.ru/hockey/matchtvnews_NI2125067_Smysl_oskorblat_drugije_komandy_Pozor_bolelshhikam_Spartaka__Sushinskij
26 октября 12:14,Автор не известен,«Барыс» расторг контракт с канадским хоккеистом Грантом,https://matchtv.ru/hockey/matchtvnews_NI2125061_Barys_rastorg_kontrakt_s_kanadskim_khokkeistom_Grantom
26 октября 11:28,Артём Андриянов,"«Это единичные случаи, на «Спартаке» очень дружественная атмосфера». Вице‑президент КХЛ — о кричалках болельщиков в адрес СКА",https://matchtv.ru/hockey/matchtvnews_NI2125056_Eto_jedinichnyje_sluchai_na_Spartake_ochen_druzhestvennaja_atmosfera_Viceprezident_KKhL__o_krichalkah_bolelshhikov_v_adres_SKA
26 октября 11:04,Артём Андриянов,КХЛ изучит кричалки фанатов «Спартака» в адрес СКА и примет меры — пресс‑служба лиги,https://matchtv.ru/hockey/matchtvnews_NI2125041_KKhL_izuchit_krichalki_fanatov_Spartaka_v_adres_SKA_i_primet_mery__presssluzhba_ligi
26 октября 10:23,Артём Андриянов,КХЛ рассмотрит поведение болельщиков «Спартака» на матче против СКА — Медведев,https://matchtv.ru/hockey/matchtvnews_NI2125034_KKhL_rassmotrit_povedenije_bolelshhikov_Spartaka_na_matche_protiv_SKA__Medvedev
25 октября 23:59,Степан Карпухин,«Мы прорубили окно в Европу и сыграем несмотря ни на что» — Ротенберг о хоккейном турнире в Турции,https://matchtv.ru/hockey/matchtvnews_NI2124987_My_prorubili_okno_v_Jevropu_i_sygrajem_nesmotra_ni_na_chto__Rotenberg_o_khokkejnom_turnire_v_Turcii
25 октября 23:15,Степан Карпухин,"Евгений Кузнецов об НХЛ: «Завидую Ване Демидову. Он не понимает, куда поедет — там арены на 23 тысячи мест, у людей даже телефоны выключены»",https://matchtv.ru/hockey/matchtvnews_NI2124968_Jevgenij_Kuznecov_ob_NKhL_Zaviduju_Vane_Demidovu_On_ne_ponimajet_kuda_pojedet__tam_areny_na_23_tysachi_mest_u_ludej_dazhe_telefony_vyklucheny
25 октября 22:53,Степан Карпухин,"«Игра у Голдобина не получилась, но он сам все понимает» — главный тренер «Спартака» Жамнов о матче против СКА",https://matchtv.ru/hockey/matchtvnews_NI2124963_Igra_u_Goldobina_ne_poluchilas_no_on_sam_vse_ponimajet__glavnyj_trener_Spartaka_Zhamnov_o_matche_protiv_SKA
25 октября 22:52,Степан Карпухин,"Тренер «Спартака» Жамнов — о поражении от СКА: «Команда не может побеждать, когда из пятерки выпадают два‑три игрока»",https://matchtv.ru/hockey/matchtvnews_NI2124961_Trener_Spartaka_Zhamnov__o_porazhenii_ot_SKA_Komanda_ne_mozhet_pobezhdat_kogda_iz_paterki_vypadajut_dvatri_igroka
25 октября 22:44,Степан Карпухин,Тренер СКА Ротенберг — о вратарях команды: «Хочу вас успокоить: играть будут все»,https://matchtv.ru/hockey/matchtvnews_NI2124956_Trener_SKA_Rotenberg__o_vratarah_komandy_Khochu_vas_uspokoit_igrat_budut_vse
25 октября 22:33,Сергей Астахов,"Тренер ЦСКА: «Команда строится. Чудес не бывает, когда меняешь 9 человек. Нужно время, понимаю, что у меня его не особо много»",https://matchtv.ru/hockey/matchtvnews_NI2124954_Trener_CSKA_Komanda_stroitsa_Chudes_ne_byvajet_kogda_menajesh_9_chelovek_Nuzhno_vrema_ponimaju_chto_u_mena_jego_ne_osobo_mnogo
25 октября 22:31,Степан Карпухин,"«Понимали, что будет игра кость в кость» — главный тренер СКА Ротенберг о матче со «Спартаком»",https://matchtv.ru/hockey/matchtvnews_NI2124953_Ponimali_chto_budet_igra_kost_v_kost__glavnyj_trener_SKA_Rotenberg_o_matche_so_Spartakom
25 октября 22:20,Автор не известен,"Ротенберг — о кричалке болельщиков «Спартака» в матче против СКА: «Когда матом орут всю игру, лига должна вмешиваться. Нам нужны адекватные болельщики»",https://matchtv.ru/hockey/matchtvnews_NI2124948_Rotenberg__o_krichalke_bolelshhikov_Spartaka_v_matche_protiv_SKA_Kogda_matom_orut_vsu_igru_liga_dolzhna_vmeshivatsa_Nam_nuzhny_adekvatnyje_bolelshhiki
25 октября 22:16,Сергей Астахов,"«Не всем легионерам удается проявить себя в КХЛ, не хотим в спешке брать кого‑то» — тренер «Ак Барса»",https://matchtv.ru/hockey/matchtvnews_NI2124947_Ne_vsem_legioneram_udajetsa_projavit_seba_v_KKhL_ne_khotim_v_speshke_brat_kogoto__trener_Ak_Barsa
25 октября 22:00,Сергей Астахов,"«Радулов за 12 секунд до конца отработал так, что любому молодому даст фору» — тренер «Амура»",https://matchtv.ru/hockey/matchtvnews_NI2124930_Radulov_za_12_sekund_do_konca_otrabotal_tak_chto_lubomu_molodomu_dast_foru__trener_Amura
25 октября 21:53,Сергей Астахов,"Тренер «Амура»: «За два матча в графе забитых голов — 0, пропущенных — 12. Нам деваться некуда, нужна победа»",https://matchtv.ru/hockey/matchtvnews_NI2124928_Trener_Amura_Za_dva_matcha_v_grafe_zabityh_golov__0_propushhennyh__12_Nam_devatsa_nekuda_nuzhna_pobeda
25 октября 21:46,Сергей Астахов,«Блокированные броски — самая бестолковая статистка» — тренер «Адмирала» после поражения от «Ак Барса»,https://matchtv.ru/hockey/matchtvnews_NI2124927_Blokirovannyje_broski__samaja_bestolkovaja_statistka__trener_Admirala_posle_porazhenija_ot_Ak_Barsa
25 октября 20:58,Сергей Астахов,Тренер «Лады» Браташ — о матче КХЛ с «Трактором»: «Доволен самоотдачей игроков. Ребята заслужили очко»,https://matchtv.ru/hockey/matchtvnews_NI2124908_Trener_Lady_Bratash__o_matche_KKhL_s_Traktorom_Dovolen_samootdachej_igrokov_Rebata_zasluzhili_ochko
25 октября 20:50,Сергей Астахов,Гру похвалил вратарей «Трактора» и «Лады» после матча КХЛ,https://matchtv.ru/hockey/matchtvnews_NI2124905_Gru_pohvalil_vratarej_Traktora_i_Lady_posle_matcha_KKhL
25 октября 17:26,Автор не известен,«Гордость переполняет!» Тренер «Металлурга» Разин показал поздравительное письмо от Романа Ротенберга,https://matchtv.ru/hockey/matchtvnews_NI2124851_Gordost_perepolnajet_Trener_Metallurga_Razin_pokazal_pozdravitelnoje_pismo_ot_Romana_Rotenberga
25 октября 15:46,Автор не известен,«Ротенберг всегда хочет быть первым во всем. Это девиз СКА» — Анисин,https://matchtv.ru/hockey/matchtvnews_NI2124819_Rotenberg_vsegda_khochet_byt_pervym_vo_vsem_Eto_deviz_SKA__Anisin
25 октября 15:16,Автор не известен,Артюхин: «У московского «Динамо» есть проблемы с вратарской линией»,https://matchtv.ru/hockey/matchtvnews_NI2124805_Artuhin_U_moskovskogo_Dinamo_jest_problemy_s_vratarskoj_linijej
25 октября 14:26,Автор не известен,"«Бог увел от страшного, руки и ноги сами двигаются» — хоккеист Кузьмин о травме",https://matchtv.ru/hockey/matchtvnews_NI2124793_Bog_uvel_ot_strashnogo_ruki_i_nogi_sami_dvigajutsa__khokkeist_Kuzmin_o_travme
25 октября 13:40,Автор не известен,"Анисин: «Торпедо» играет похуже, чем в предыдущие сезоны КХЛ»",https://matchtv.ru/hockey/matchtvnews_NI2124778_Anisin_Torpedo_igrajet_pohuzhe_chem_v_predydushhije_sezony_KKhL
25 октября 13:11,Автор не известен,"Щитов о результатах «Авангарда»: «Все дело в Звягине. Возможно, он просто не может быть главным»",https://matchtv.ru/hockey/matchtvnews_NI2124768_Shhitov_o_rezultatah_Avangarda_Vse_delo_v_Zvagine_Vozmozhno_on_prosto_ne_mozhet_byt_glavnym
25 октября 12:15,Автор не известен,"«Спартак» — СКА: где смотреть прямую трансляцию матча КХЛ, 25 октября",https://matchtv.ru/hockey/matchtvnews_NI2124755_Spartak__SKA_gde_smotret_pramuju_translaciju_matcha_KKhL_25_oktabra
25 октября 12:11,Автор не известен,Каменев: «СКА не стоит ждать легкой прогулки в игре со «Спартаком»,https://matchtv.ru/hockey/matchtvnews_NI2124754_Kamenev_SKA_ne_stoit_zhdat_legkoj_progulki_v_igre_so_Spartakom
25 октября 11:41,Автор не известен,"«Видно, что хоккеисты московского «Динамо» постепенно прибавляют» — Щитов",https://matchtv.ru/hockey/matchtvnews_NI2124748_Vidno_chto_khokkeisty_moskovskogo_Dinamo_postepenno_pribavlajut__Shhitov
25 октября 10:44,Автор не известен,«Авангард» объявил о подписании контракта с Прохоркиным,https://matchtv.ru/hockey/matchtvnews_NI2124739_Avangard_objavil_o_podpisanii_kontrakta_s_Prohorkinym
25 октября 10:12,Автор не известен,Хоккеист «Спартака» Зайцев: «Игра против СКА станет для нас хорошей проверкой»,https://matchtv.ru/hockey/matchtvnews_NI2124731_Hokkeist_Spartaka_Zajcev_Igra_protiv_SKA_stanet_dla_nas_khoroshej_proverkoj
24 октября 21:42,Автор не известен,«Нефтехимик» обыграл «Сочи» и прервал пятиматчевую серию поражений в КХЛ,https://matchtv.ru/hockey/matchtvnews_NI2124675_Neftehimik_obygral_Sochi_i_prerval_patimatchevuju_seriju_porazhenij_v_KKhL
24 октября 21:10,Антон Собровин,"«Слышал много историй». Тренер «Салавата Юлаева» Козлов рассказал, почему не пробовал кумыс",https://matchtv.ru/hockey/matchtvnews_NI2124664_Slyshal_mnogo_istorij_Trener_Salavata_Julajeva_Kozlov_rasskazal_pochemu_ne_proboval_kumys
24 октября 20:58,Антон Собровин,"«Надеюсь, через две недели Игорь восстановится и будет в составе» — тренер «Торпедо» Ларионов рассказал о здоровье своего сына",https://matchtv.ru/hockey/matchtvnews_NI2124658_Nadejus_cherez_dve_nedeli_Igor_vosstanovitsa_i_budet_v_sostave__trener_Torpedo_Larionov_rasskazal_o_zdorovje_svojego_syna
24 октября 20:42,Антон Собровин,"Тренер «Салавата Юлаева» — о матче КХЛ с «Торпедо»: «Вырвали победу на последней минуте, как в голливудских фильмах»",https://matchtv.ru/hockey/matchtvnews_NI2124650_Trener_Salavata_Julajeva__o_matche_KKhL_s_Torpedo_Vyrvali_pobedu_na_poslednej_minute_kak_v_gollivudskih_filmah
24 октября 20:37,Антон Собровин,Тренер «Торпедо» Ларионов сравнил себя с режиссером Мартином Скорсезе,https://matchtv.ru/hockey/matchtvnews_NI2124647_Trener_Torpedo_Larionov_sravnil_seba_s_rezhisserom_Martinom_Skorseze
24 октября 20:22,Автор не известен,"Хоккеист «Металлурга» Михайлис: «Разговоры о контракте не давили на меня, потому что я каждый день отдаюсь игре»",https://matchtv.ru/hockey/matchtvnews_NI2124639_Hokkeist_Metallurga_Mihajlis_Razgovory_o_kontrakte_ne_davili_na_mena_potomu_chto_ja_kazhdyj_den_otdajus_igre
24 октября 20:22,Антон Собровин,«Мы не хотим ставить автобус». Тренер «Торпедо» Ларионов объяснил поражение от «Салавата Юлаева» в матче КХЛ,https://matchtv.ru/hockey/matchtvnews_NI2124640_My_ne_khotim_stavit_avtobus_Trener_Torpedo_Larionov_objasnil_porazhenije_ot_Salavata_Julajeva_v_matche_KKhL
24 октября 19:37,Автор не известен,«СКА и «Спартак» играют по бразильской системе. Увидим голевое пиршество» — экс‑хоккеист Бахмутов,https://matchtv.ru/hockey/matchtvnews_NI2124622_SKA_i_Spartak_igrajut_po_brazilskoj_sisteme_Uvidim_golevoje_pirshestvo__ekskhokkeist_Bahmutov
24 октября 19:34,Автор не известен,«Салават Юлаев» обыграл «Торпедо» в матче КХЛ,https://matchtv.ru/hockey/matchtvnews_NI2124599_Salavat_Julajev_obygral_Torpedo_v_matche_KKhL
24 октября 18:52,Автор не известен,«С каждой серией Кубка Гагарина «Металлург» становился все сильнее» — Михайлис о победе в плей‑офф КХЛ,https://matchtv.ru/hockey/matchtvnews_NI2124597_S_kazhdoj_serijej_Kubka_Gagarina_Metallurg_stanovilsa_vse_silneje__Mihajlis_o_pobede_v_plejoff_KKhL
24 октября 18:37,Автор не известен,"Двукратный обладатель Кубка Гагарина считает, что московскому «Динамо» не хватает стабильности в текущем сезоне КХЛ",https://matchtv.ru/hockey/matchtvnews_NI2124594_Dvukratnyj_obladatel_Kubka_Gagarina_schitajet_chto_moskovskomu_Dinamo_ne_khvatajet_stabilnosti_v_tekushhem_sezone_KKhL
24 октября 17:57,Автор не известен,"«Металлургу» нужно играть строже, увереннее и наглее» — Михайлис",https://matchtv.ru/hockey/matchtvnews_NI2124585_Metallurgu_nuzhno_igrat_strozhe_uverenneje_i_nagleje__Mihajlis
24 октября 16:06,Автор не известен,«Руководство «Авангарда» ищет виноватых в результатах» — Коньков,https://matchtv.ru/hockey/matchtvnews_NI2124556_Rukovodstvo_Avangarda_ishhet_vinovatyh_v_rezultatah__Konkov
24 октября 14:36,Автор не известен,"Тренер «Трактора» заявил, что игроки его команды входят в элиту мирового хоккея",https://matchtv.ru/hockey/matchtvnews_NI2124524_Trener_Traktora_zajavil_chto_igroki_jego_komandy_vkhodat_v_elitu_mirovogo_khokkeja
24 октября 11:41,Степан Карпухин,"Хоккеист ЦСКА Соркин о разгроме «Амура»: «Мы не вешали нос, для команды важно было выиграть»",https://matchtv.ru/hockey/matchtvnews_NI2124447_Hokkeist_CSKA_Sorkin_o_razgrome_Amura_My_ne_veshali_nos_dla_komandy_vazhno_bylo_vyigrat
24 октября 01:44,Автор не известен,"Роман Ротенберг: «За СКА играют хоккеисты мирового уровня, и Александр Никишин — яркое подтверждение этих слов»",https://matchtv.ru/hockey/matchtvnews_NI2124372_Roman_Rotenberg_Za_SKA_igrajut_khokkeisty_mirovogo_urovna_i_Aleksandr_Nikishin__jarkoje_podtverzhdenije_etih_slov
23 октября 23:42,Автор не известен,"Швейцарская национальная лига не намерена аннулировать контракт хоккеиста, который сбежал из «Сочи»",https://matchtv.ru/hockey/matchtvnews_NI2124361_Shvejcarskaja_nacionalnaja_liga_ne_namerena_annulirovat_kontrakt_khokkeista_kotoryj_sbezhal_iz_Sochi
23 октября 23:23,Павел Лысенков,"Михаил Кравец — о 0:8 со СКА: «Напихали нам полную кадушку. Позорное поражение, к сожалению»",https://matchtv.ru/hockey/matchtvnews_NI2124349_Mihail_Kravec__o_08_so_SKA_Napihali_nam_polnuju_kadushku_Pozornoje_porazhenije_k_sozhaleniju
23 октября 23:19,Павел Лысенков,Роман Ротенберг: «Кто сможет повторить покер Андрея Аршавина? Это исторический момент»,https://matchtv.ru/hockey/matchtvnews_NI2124348_Roman_Rotenberg_Kto_smozhet_povtorit_poker_Andreja_Arshavina_Eto_istoricheskij_moment
23 октября 23:07,Павел Лысенков,"Роман Ротенберг поспорил с журналистом: «А если мы поедем на автобусе в центр, и что‑то случится? Надо ценить каждую минуту!»",https://matchtv.ru/hockey/matchtvnews_NI2124337_Roman_Rotenberg_posporil_s_zhurnalistom_A_jesli_my_pojedem_na_avtobuse_v_centr_i_chtoto_sluchitsa_Nado_cenit_kazhduju_minutu
23 октября 22:59,Павел Лысенков,Роман Ротенберг: «В матче с «Куньлунем» мы однозначно не показали нашу лучшую игру»,https://matchtv.ru/hockey/matchtvnews_NI2124334_Roman_Rotenberg_V_matche_s_Kunlunem_my_odnoznachno_ne_pokazali_nashu_luchshuju_igru
23 октября 22:56,Автор не известен,ЦСКА забросил семь безответных шайб «Амуру» в КХЛ,https://matchtv.ru/hockey/matchtvnews_NI2124332_CSKA_zabrosil_sem_bezotvetnyh_shajb_Amuru_v_KKhL
23 октября 22:52,Павел Лысенков,"Роман Ротенберг: «Я помню, как выступал Христо Стоичков — забивал ударами с левой. Но любого тренера делают игроки!»",https://matchtv.ru/hockey/matchtvnews_NI2124329_Roman_Rotenberg_Ja_pomnu_kak_vystupal_Khristo_Stoichkov__zabival_udarami_s_levoj_No_lubogo_trenera_delajut_igroki
23 октября 22:45,Степан Карпухин,Хоккеист ЦСКА Мамин — о крупной победе над «Амуром»: «Одной игрой за старт чемпионата не отмазаться»,https://matchtv.ru/hockey/matchtvnews_NI2124325_Hokkeist_CSKA_Mamin__o_krupnoj_pobede_nad_Amurom_Odnoj_igroj_za_start_chempionata_ne_otmazatsa
23 октября 22:45,Степан Карпухин,«Пару человек у нас прорвало». Главный тренер ЦСКА Воробьев — о разгроме «Амура»,https://matchtv.ru/hockey/matchtvnews_NI2124324_Paru_chelovek_u_nas_prorvalo_Glavnyj_trener_CSKA_Vorobjev__o_razgrome_Amura
23 октября 22:41,Павел Лысенков,Роман Ротенберг посвятил победу ушедшему из жизни ветерану СКА,https://matchtv.ru/hockey/matchtvnews_NI2124322_Roman_Rotenberg_posvatil_pobedu_ushedshemu_iz_zhizni_veteranu_SKA
23 октября 22:30,Степан Карпухин,"«Могу выделить только трех человек. Если я их назову, в следующем матче провалятся, у меня черный глаз» — тренер «Амура» Мартемьянов",https://matchtv.ru/hockey/matchtvnews_NI2124316_Mogu_vydelit_tolko_treh_chelovek_Jesli_ja_ih_nazovu_v_sledujushhem_matche_provalatsa_u_mena_chernyj_glaz__trener_Amura_Martemjanov
23 октября 22:29,Павел Лысенков,"Роман Ротенберг: «Стыдно, когда на матчах «Куньлуня» только по 100 болельщиков на трибунах!»",https://matchtv.ru/hockey/matchtvnews_NI2124315_Roman_Rotenberg_Stydno_kogda_na_matchah_Kunluna_tolko_po_100_bolelshhikov_na_tribunah
23 октября 22:25,Степан Карпухин,"Главный тренер «Амура» Мартемьянов заявил, что настаивал, чтобы тренера нападающих Федорова не увольняли",https://matchtv.ru/hockey/matchtvnews_NI2124314_Glavnyj_trener_Amura_Martemjanov_zajavil_chto_nastaival_chtoby_trenera_napadaushih_Fedorova_ne_uvolnali
23 октября 21:47,Автор не известен,Хет‑трик Плотникова помог СКА разгромить «Куньлунь» со счетом 8:0 в матче КХЛ,https://matchtv.ru/hockey/matchtvnews_NI2124303_Hettrik_Plotnikova_pomog_SKA_razgromit_Kunlun_so_schetom_80_v_matche_KKhL
23 октября 21:27,Автор не известен,"Спунер: «Когда «Авангард» сдедал предложение, посчитал, что стоит вернуться»",https://matchtv.ru/hockey/matchtvnews_NI2124295_Spuner_Kogda_Avangard_sdedal_predlozhenije_poschital_chto_stoit_vernutsa
23 октября 20:44,Автор не известен,Хоккеист «Динамо» Рябкин включен в список самых перспективных игроков драфта‑2025 от Центрального скаутского бюро НХЛ,https://matchtv.ru/hockey/matchtvnews_NI2124269_Hokkeist_Dinamo_Rabkin_vkluchen_v_spisok_samyh_perspektivnyh_igrokov_drafta2025_ot_Centralnogo_skautskogo_buro_NKhL
23 октября 20:39,Павел Лысенков,"Тренер «Автомобилиста» Заварухин: «Имели семь выходных, как по конституции РФ. Надеюсь, избежим спада»",https://matchtv.ru/hockey/matchtvnews_NI2124267_Trener_Avtomobilista_Zavaruhin_Imeli_sem_vyhodnyh_kak_po_konstitucii_RF_Nadejus_izbezhim_spada
23 октября 20:20,Павел Лысенков,"Тренер московского «Динамо» Козлов: «К сожалению, мы много удаляемся. Пытаемся это исправить, но не получается»",https://matchtv.ru/hockey/matchtvnews_NI2124257_Trener_moskovskogo_Dinamo_Kozlov_K_sozhaleniju_my_mnogo_udalajemsa_Pytajemsa_eto_ispravit_no_ne_poluchajetsa
23 октября 20:00,Павел Лысенков,Тренер «Авангарда» Звягин: «Бердин уехал на лечение в Санкт‑Петербург. Сроки его возвращения пока неутешительные»,https://matchtv.ru/hockey/matchtvnews_NI2124251_Trener_Avangarda_Zvagin_Berdin_ujehal_na_lechenije_v_SanktPeterburg_Sroki_jego_vozvrashhenija_poka_neuteshitelnyje
23 октября 19:46,Павел Лысенков,Тренер «Трактора» Гру: «Усталость или измотанность — таких слов нет в нашем лексиконе. Мы верим в своих игроков»,https://matchtv.ru/hockey/matchtvnews_NI2124248_Trener_Traktora_Gru_Ustalost_ili_izmotannost__takih_slov_net_v_nashem_leksikone_My_verim_v_svoih_igrokov
23 октября 19:21,Автор не известен,Гол Чернова принес московскому «Динамо» победу в гостевом матче КХЛ с «Автомобилистом»,https://matchtv.ru/hockey/matchtvnews_NI2124232_Gol_Chernova_prines_moskovskomu_Dinamo_pobedu_v_gostevom_matche_KKhL_s_Avtomobilistom
23 октября 18:58,Автор не известен,«Трактор» на выезде обыграл «Авангард» в матче КХЛ,https://matchtv.ru/hockey/matchtvnews_NI2124222_Traktor_na_vyjezde_obygral_Avangard_v_matche_KKhL
23 октября 18:57,Автор не известен,Обладатель Кубка Гагарина Анисин вошел в тренерский штаб «Академии СКА‑Юниор» из МХЛ,https://matchtv.ru/hockey/matchtvnews_NI2124221_Obladatel_Kubka_Gagarina_Anisin_voshel_v_trenerskij_shtab_Akademii_SKAJunior_iz_MKhL
23 октября 18:40,Андрей Ирха,"Епанчинцев — об интересе к Дыбленко: «Менеджер работает в этом направлении. У нас непростая финансовая ситуация, но посмотрим»",https://matchtv.ru/hockey/matchtvnews_NI2124207_Jepanchincev__ob_interese_k_Dyblenko_Menedzher_rabotajet_v_etom_napravlenii_U_nas_neprostaja_finansovaja_situacija_no_posmotrim
23 октября 18:35,Андрей Ирха,Мамбеталиев: «Было беспокойство по физическому состоянию «Барыса» после выезда в Минск. Раскатка прошла в сонном состоянии»,https://matchtv.ru/hockey/matchtvnews_NI2124202_Mambetalijev_Bylo_bespokojstvo_po_fizicheskomu_sostojaniju_Barysa_posle_vyjezda_v_Minsk_Raskatka_proshla_v_sonnom_sostojanii
23 октября 18:16,Андрей Ирха,"Тренер «Сибири» Епанчинцев: «Не сказал бы, что команда перегорела. Не хватило реализации и агрессии перед воротами «Барыса»",https://matchtv.ru/hockey/matchtvnews_NI2124195_Trener_Sibiri_Jepanchincev_Ne_skazal_by_chto_komanda_peregorela_Ne_khvatilo_realizacii_i_agressii_pered_vorotami_Barysa
23 октября 18:11,Андрей Ирха,"Главный тренер «Барыса» Мамбеталиев: «Ребята готовы сражаться. Видна самоотдача как на тренировках, так и в игре»",https://matchtv.ru/hockey/matchtvnews_NI2124193_Glavnyj_trener_Barysa_Mambetalijev_Rebata_gotovy_srazhatsa_Vidna_samootdacha_kak_na_trenirovkah_tak_i_v_igre
23 октября 17:58,Автор не известен,Шайба Бурдасова помогла «Барысу» обыграть «Сибирь» в матче КХЛ,https://matchtv.ru/hockey/matchtvnews_NI2124187_Shajba_Burdasova_pomogla_Barysu_obygrat_Sibir_v_matche_KKhL
23 октября 17:11,Автор не известен,Хоккеист Спунер назвал главные проблемы «Авангарда» в нынешнем сезоне КХЛ,https://matchtv.ru/hockey/matchtvnews_NI2124176_Hokkeist_Spuner_nazval_glavnyje_problemy_Avangarda_v_nyneshnem_sezone_KKhL
23 октября 13:55,Автор не известен,"Тренер «Трактора» Рише объяснил, почему сделал выбор в пользу российского клуба",https://matchtv.ru/hockey/matchtvnews_NI2124099_Trener_Traktora_Rishe_objasnil_pochemu_sdelal_vybor_v_polzu_rossijskogo_kluba
23 октября 11:49,Автор не известен,"Щитов считает, что молодые хоккеисты могут многому научиться у Шипачева",https://matchtv.ru/hockey/matchtvnews_NI2123996_Shhitov_schitajet_chto_molodyje_khokkeisty_mogut_mnogomu_nauchitsa_u_Shipacheva
23 октября 10:18,Автор не известен,"«Трактор» может сотворить чудо и завоевать Кубок Гагарина, считает Баландин",https://matchtv.ru/hockey/matchtvnews_NI2123938_Traktor_mozhet_sotvorit_chudo_i_zavojevat_Kubok_Gagarina_schitajet_Balandin
22 октября 23:32,Автор не известен,"Хоккеист «Трактора» Кэмпфер заявил, что для него важнее победа команды, чем его результативные действия",https://matchtv.ru/hockey/matchtvnews_NI2123768_Hokkeist_Traktora_Kempfer_zajavil_chto_dla_nego_vazhneje_pobeda_komandy_chem_jego_rezultativnyje_dejstvija
22 октября 22:20,Павел Лысенков,"Тренер «Нефтехимика» Леонтьев: «Вроде в третьем периоде здорово сыграли, перебросали соперника в три раза. Но результат на табло»",https://matchtv.ru/hockey/matchtvnews_NI2123730_Trener_Neftehimika_Leontjev_Vrode_v_tretjem_periode_zdorovo_sygrali_perebrosali_sopernika_v_tri_raza_No_rezultat_na_tablo
22 октября 21:08,Павел Лысенков,Тренер «Салавата» отреагировал на слухи о задержках по зарплате и нежелании хоккеистов играть,https://matchtv.ru/hockey/matchtvnews_NI2123705_Trener_Salavata_otreagiroval_na_sluhi_o_zaderzhkah_po_zarplate_i_nezhelanii_khokkeistov_igrat
22 октября 20:50,Павел Лысенков,Сергей Зубов: «Нужно бросать из любых позиций. Эта резиновая штука — она же шальная»,https://matchtv.ru/hockey/matchtvnews_NI2123695_Sergej_Zubov_Nuzhno_brosat_iz_lubyh_pozicij_Eta_rezinovaja_shtuka__ona_zhe_shalnaja
22 октября 19:42,Автор не известен,Канадский форвард минского «Динамо» назвал двух белорусов с потенциалом заиграть в НХЛ,https://matchtv.ru/hockey/matchtvnews_NI2123672_Kanadskij_forvard_minskogo_Dinamo_nazval_dvuh_belorusov_s_potencialom_zaigrat_v_NKhL
22 октября 19:42,Автор не известен,«Салават Юлаев» в серии буллитов победил «Сочи» в КХЛ,https://matchtv.ru/hockey/matchtvnews_NI2123673_Salavat_Julajev_v_serii_bullitov_pobedil_Sochi_v_KKhL
22 октября 19:33,Автор не известен,"Хоккеист Тирни: «Квартальнов хорошо говорит по‑английски, что облегчает общение»",https://matchtv.ru/hockey/matchtvnews_NI2123667_Hokkeist_Tirni_Kvartalnov_khorosho_govorit_poanglijski_chto_oblegchajet_obshhenije
22 октября 18:58,Автор не известен,Вратарь «Нефтехимика» Долганов назвал хоккеиста КХЛ с самым хлестким броском,https://matchtv.ru/hockey/matchtvnews_NI2123658_Vratar_Neftehimika_Dolganov_nazval_khokkeista_KKhL_s_samym_khlestkim_broskom
22 октября 18:42,Автор не известен,Тренер «Авангарда»: «Многим вскружили голову победы на старте. Сейчас отталкиваемся от пола»,https://matchtv.ru/hockey/matchtvnews_NI2123654_Trener_Avangarda_Mnogim_vskruzhili_golovu_pobedy_na_starte_Sejchas_ottalkivajemsa_ot_pola
22 октября 18:26,Автор не известен,"Терещенко считает, что у «Авангарда» нет недостатков",https://matchtv.ru/hockey/matchtvnews_NI2123650_Tereshhenko_schitajet_chto_u_Avangarda_net_nedostatkov
22 октября 17:26,Автор не известен,«Северсталь» поместила защитника Дыбленко в список отказов,https://matchtv.ru/hockey/matchtvnews_NI2123629_Severstal_pomestila_zashhitnika_Dyblenko_v_spisok_otkazov
22 октября 17:13,Автор не известен,"Курьянов рассказал, что хоккеист Кесселс вернулся в общую группу «Авангарда»",https://matchtv.ru/hockey/matchtvnews_NI2123622_Kurjanov_rasskazal_chto_khokkeist_Kessels_vernulsa_v_obshhuju_gruppu_Avangarda
22 октября 16:11,Автор не известен,"Хоккеист «Металлурга» Силантьев: «Наша тройка с Зерновым и Канцеровым — не великая, мы еще молодые»",https://matchtv.ru/hockey/matchtvnews_NI2123598_Hokkeist_Metallurga_Silantjev_Nasha_trojka_s_Zernovym_i_Kancerovym__ne_velikaja_my_jeshhe_molodyje
22 октября 15:41,Автор не известен,"Курьянов рассказал, почему покинул должность генменеджера «Авангарда»",https://matchtv.ru/hockey/matchtvnews_NI2123571_Kurjanov_rasskazal_pochemu_pokinul_dolzhnost_genmenedzhera_Avangarda
22 октября 15:36,Автор не известен,"Получивший травму позвоночника Кузьмин: «Мне интересно комментирование футбола, но завершать карьеру хоккеиста пока не хочу»",https://matchtv.ru/hockey/matchtvnews_NI2123569_Poluchivshij_travmu_pozvonochnika_Kuzmin_Mne_interesno_kommentirovanije_futbola_no_zavershat_karjeru_khokkeista_poka_ne_khochu
22 октября 15:33,Автор не известен,"«Проанализировал момент, у меня было много времени». Кузьмин не винит Дица за силовой прием в матче КХЛ",https://matchtv.ru/hockey/matchtvnews_NI2123568_Proanaliziroval_moment_u_mena_bylo_mnogo_vremeni_Kuzmin_ne_vinit_Dica_za_silovoj_prijem_v_matche_KKhL
22 октября 15:19,Автор не известен,"«Шестой грудной позвонок был сломан, но костный мозг не поврежден» — игрок «Салавата Юлаева» Кузьмин",https://matchtv.ru/hockey/matchtvnews_NI2123563_Shestoj_grudnoj_pozvonok_byl_sloman_no_kostnyj_mozg_ne_povrezhden__igrok_Salavata_Julajeva_Kuzmin
22 октября 14:25,Автор не известен,"«Здорово, когда на одной перчатке надпись «Спартак», а на другой — Москва. Это хорошая реклама клуба» — хоккеист Рубцов",https://matchtv.ru/hockey/matchtvnews_NI2123542_Zdorovo_kogda_na_odnoj_perchatke_nadpis_Spartak_a_na_drugoj__Moskva_Eto_khoroshaja_reklama_kluba__khokkeist_Rubcov
22 октября 13:26,Автор не известен,"Щитов объяснил, для чего канадский хоккеист Пакетт получил российское гражданство",https://matchtv.ru/hockey/matchtvnews_NI2123485_Shhitov_objasnil_dla_chego_kanadskij_khokkeist_Pakett_poluchil_rossijskoje_grazhdanstvo
22 октября 10:58,Автор не известен,«Салавату Юлаеву» объявлено предостережение из‑за задолженности по зарплатам,https://matchtv.ru/hockey/matchtvnews_NI2123495_Salavatu_Julajevu_objavleno_predosterezhenije_izza_zadolzhennosti_po_zarplatam
21 октября 22:13,Андрей Ирха,Ротенберг: «Воробьев — петербургский Сульшер? В каждом матче надо дорожить моментами и забивать голы»,https://matchtv.ru/hockey/matchtvnews_NI2123431_Rotenberg_Vorobjev__peterburgskij_Sulsher_V_kazhdom_matche_nado_dorozhit_momentami_i_zabivat_goly
21 октября 22:06,Андрей Ирха,"Ротенберг: «Президент России подписал указ о выдаче гражданства Пакетту, и это решение мы должны уважать»",https://matchtv.ru/hockey/matchtvnews_NI2123428_Rotenberg_Prezident_Rossii_podpisal_ukaz_o_vydache_grazhdanstva_Pakettu_i_eto_reshenije_my_dolzhny_uvazhat
21 октября 22:02,Автор не известен,«Металлург» в гостях обыграл «Куньлунь» в матче КХЛ,https://matchtv.ru/hockey/matchtvnews_NI2123426_Metallurg_v_gostah_obygral_Kunlun_v_matche_KKhL
21 октября 21:59,Андрей Ирха,"Ротенберг: «Мы хотим, чтобы каждый игрок СКА знал историю нашей великой страны. Де Анджело ценит каждый день нахождения в России»",https://matchtv.ru/hockey/matchtvnews_NI2123422_Rotenberg_My_khotim_chtoby_kazhdyj_igrok_SKA_znal_istoriju_nashej_velikoj_strany_De_Andzhelo_cenit_kazhdyj_den_nahozhdenija_v_Rossii
21 октября 21:50,Андрей Ирха,"Ротенберг: «С Рендуличем всё хорошо, скоро мы его увидим. Лука Модрич тоже иногда пропускает матчи»",https://matchtv.ru/hockey/matchtvnews_NI2123420_Rotenberg_S_Rendulichem_vso_khorosho_skoro_my_jego_uvidim_Luka_Modrich_tozhe_inogda_propuskajet_matchi
21 октября 21:45,Автор не известен,«Локомотив» в серии буллитов обыграл московское «Динамо» в матче КХЛ,https://matchtv.ru/hockey/matchtvnews_NI2123419_Lokomotiv_v_serii_bullitov_obygral_moskovskoje_Dinamo_v_matche_KKhL
21 октября 21:40,Андрей Ирха,"Десятков — о разгроме от СКА: «Когда нам чего‑то не хватает, случается «черт побери». Не имеем права разваливаться перед болельщиками»",https://matchtv.ru/hockey/matchtvnews_NI2123418_Desatkov__o_razgrome_ot_SKA_Kogda_nam_chegoto_ne_khvatajet_sluchajetsa_chert_poberi_Ne_imejem_prava_razvalivatsa_pered_bolelshhikami
21 октября 21:39,Автор не известен,Минское «Динамо» уступило «Барысу» в 900‑м матче Квартального в КХЛ,https://matchtv.ru/hockey/matchtvnews_NI2123417_Minskoje_Dinamo_ustupilo_Barysu_v_900m_matche_Kvartalnogo_v_KKhL
21 октября 21:35,Андрей Ирха,"Ротенберг — о разгроме «Витязя»: «Кепка, которую я надел на Григоренко, принадлежала массажисту. Победа открывает все двери»",https://matchtv.ru/hockey/matchtvnews_NI2123414_Rotenberg__o_razgrome_Vitaza_Kepka_kotoruju_ja_nadel_na_Grigorenko_prinadlezhala_massazhistu_Pobeda_otkryvajet_vse_dveri
21 октября 21:27,Автор не известен,Хет‑трик Григоренко помог СКА разгромить «Витязь» со счетом 8:1 в матче КХЛ,https://matchtv.ru/hockey/matchtvnews_NI2123411_Hettrik_Grigorenko_i_dve_peredachi_Kuznecova_pomogli_SKA_razgromit_Vitaz_v_matche_KKhL
21 октября 21:24,Андрей Ирха,"Хоккеист Мокрушев, которому коньком выбили зубы, не сможет помочь «Сочи» в ближайших матчах",https://matchtv.ru/hockey/matchtvnews_NI2123409_Hokkeist_Mokrushev_kotoromu_konkom_vybili_zuby_ne_smozhet_pomoch_Sochi_v_blizhajshih_matchah
21 октября 20:55,Андрей Ирха,"Плющев: «То, что сейчас творится с ЦСКА, — это отголоски весны прошлого сезона. Выводы не сделаны»",https://matchtv.ru/hockey/matchtvnews_NI2123399_Plushhev_To_chto_sejchas_tvoritsa_s_CSKA__eto_otgoloski_vesny_proshlogo_sezona_Vyvody_ne_sdelany
21 октября 20:39,Автор не известен,"Крикунов заявил, что, скорее всего, больше не будет никого тренировать",https://matchtv.ru/hockey/matchtvnews_NI2123392_Krikunov_zajavil_chto_skoreje_vsego_bolshe_ne_budet_nikogo_trenirovat
21 октября 19:21,Автор не известен,Квартальнов первым в КХЛ провел 900 матчей в качестве главного тренера,https://matchtv.ru/hockey/matchtvnews_NI2123364_Kvartalnov_pervym_v_KKhL_provel_900_matchej_v_kachestve_glavnogo_trenera
21 октября 19:12,Андрей Ирха,"Тренер «Сибири»: «Положительный момент был в третьем периоде, когда трибуны кричали: «Молодцы». Главное, что мы не бросили играть»",https://matchtv.ru/hockey/matchtvnews_NI2123356_Trener_Sibiri_Polozhitelnyj_moment_byl_v_tretjem_periode_kogda_tribuny_krichali_Molodcy_Glavnoje_chto_my_ne_brosili_igrat
21 октября 19:09,Автор не известен,Юный хоккеист «Нефтехимика» получил травму позвоночника во время игры,https://matchtv.ru/hockey/matchtvnews_NI2123355_Junyj_khokkeist_Neftehimika_poluchil_travmu_pozvonochnika_vo_vrema_igry
21 октября 18:49,Андрей Ирха,"Бенуа Гру: «Не могу сказать, за что смог бы критиковать команду. Если бы у «Трактора» было 13 поражений, я бы здесь не сидел»",https://matchtv.ru/hockey/matchtvnews_NI2123348_Benua_Gru_Ne_mogu_skazat_za_chto_smog_by_kritikovat_komandu_Jesli_by_u_Traktora_bylo_13_porazhenij_ja_by_zdes_ne_sidel
21 октября 18:24,Андрей Ирха,"Бенуа Гру после матча с «Сибирью»: «Доволен увиденным. Роль Кадейкина очень важна, нравится его динамика в последнем месяце»",https://matchtv.ru/hockey/matchtvnews_NI2123340_Benua_Gru_posle_matcha_s_Sibirju_Dovolen_uvidennym_Rol_Kadejkina_ochen_vazhna_nravitsa_jego_dinamika_v_poslednem_mesace
21 октября 18:23,Андрей Ирха,"Епанчинцев: «Не хватило дисциплины, получали необоснованные удаления. Непозволительная роскошь давать «Трактору» такую фору»",https://matchtv.ru/hockey/matchtvnews_NI2123339_Jepanchincev_Ne_khvatilo_discipliny_poluchali_neobosnovannyje_udalenija_Nepozvolitelnaja_roskosh_davat_Traktoru_takuju_foru
21 октября 18:08,Автор не известен,Хет‑трик Бека не помог «Сибири» обыграть «Трактор» в матче КХЛ,https://matchtv.ru/hockey/matchtvnews_NI2123333_Hettrik_Beka_ne_pomog_Sibiri_obygrat_Traktor_v_matche_KKhL
21 октября 17:20,Автор не известен,"«У Исхакова достаточно таланта, чтобы получить шанс в НХЛ» — форвард «Амура» Дюрандо",https://matchtv.ru/hockey/matchtvnews_NI2123319_U_Iskhakova_dostatochno_talanta_chtoby_poluchit_shans_v_NKhL__forvard_Amura_Durando
21 октября 17:10,Андрей Ирха,"Терещенко: «В «Динамо» нет молодых игроков, которых можно было поднять в основу. Ребята должны быть готовы к КХЛ, но они «сырые»",https://matchtv.ru/hockey/matchtvnews_NI2123314_Tereshhenko_V_Dinamo_net_molodyh_igrokov_kotoryh_mozhno_bylo_podnat_v_osnovu_Rebata_dolzhny_byt_gotovy_k_KKhL_no_oni_syryje
21 октября 16:35,Андрей Ирха,Мальцев приветствует получение российского гражданства канадским нападающим «Динамо» Пакеттом,https://matchtv.ru/hockey/matchtvnews_NI2123298_Malcev_privetstvujet_poluchenije_rossijskogo_grazhdanstva_kanadskim_napadajushhim_Dinamo_Pakettom
21 октября 15:38,Владимир Пушкарев,"«При счете 3:0 игроки начали делать то, что мы не просим» — тренер «Спартака» Жамнов о поражении от «Адмирала»",https://matchtv.ru/hockey/matchtvnews_NI2123280_Pri_schete_30_igroki_nachali_delat_to_chto_my_ne_prosim__trener_Spartaka_Zhamnov_o_porazhenii_ot_Admirala
21 октября 14:53,Автор не известен,«Адмирал» обыграл «Спартак» в овертайме в матче КХЛ,https://matchtv.ru/hockey/matchtvnews_NI2123271_Admiral_obygral_Spartak_v_overtajme_v_matche_KKhL
21 октября 12:49,Автор не известен,Канадский хоккеист «Амура» раскрыл имя самого сложного соперника,https://matchtv.ru/hockey/matchtvnews_NI2123182_Kanadskij_khokkeist_Amura_raskryl_ima_samogo_slozhnogo_sopernika
21 октября 12:18,Автор не известен,КХЛ назвала лучших хоккеистов седьмой недели сезона,https://matchtv.ru/hockey/matchtvnews_NI2123166_KKhL_nazvala_luchshih_khokkeistov_sedmoj_nedeli_sezona
20 октября 21:47,Автор не известен,"«У «Авангарда» есть свой почерк, голы придут» — Каменский",https://matchtv.ru/hockey/matchtvnews_NI2123039_U_Avangarda_jest_svoj_pocherk_goly_pridut__Kamenskij
20 октября 21:32,Автор не известен,"«Овечкин выходит играть на результат команды, а не на свой личный» — Плющев",https://matchtv.ru/hockey/matchtvnews_NI2123033_Ovechkin_vyhodit_igrat_na_rezultat_komandy_a_ne_na_svoj_lichnyj__Plushhev
20 октября 21:16,Автор не известен,"«За последние полтора сезона в «Барысе» это шестой главный тренер, что не очень хорошо сказывается на коллективе» — Буцаев",https://matchtv.ru/hockey/matchtvnews_NI2123020_Za_poslednije_poltora_sezona_v_Baryse_eto_shestoj_glavnyj_trener_chto_ne_ochen_khorosho_skazyvajetsa_na_kollektive__Bucajev
20 октября 20:28,Антон Собровин,"Тренер «Сочи» Зубов: «Мокрушев потерял пару зубов, ему наложили швы»",https://matchtv.ru/hockey/matchtvnews_NI2122987_Trener_Sochi_Zubov_Mokrushev_poteral_paru_zubov_jemu_nalozhili_shvy
20 октября 20:23,Антон Собровин,«Абрамов получил по башке после второго периода» — тренер ЦСКА Воробьев,https://matchtv.ru/hockey/matchtvnews_NI2122981_Abramov_poluchil_po_bashke_posle_vtorogo_perioda__trener_CSKA_Vorobjev
20 октября 20:22,Автор не известен,Хоккеисту «Сочи» попали коньком в лицо во время матча с ЦСКА,https://matchtv.ru/hockey/matchtvnews_NI2122979_Hokkeistu_Sochi_popali_konkom_v_lico_vo_vrema_matcha_s_CSKA
20 октября 19:39,Автор не известен,"ЦСКА потерпел четвертое поражение подряд в КХЛ, уступив «Сочи» в серии буллитов",https://matchtv.ru/hockey/matchtvnews_NI2122946_CSKA_poterpel_chetvertoje_porazhenije_podrad_v_KKhL_ustupiv_Sochi_v_serii_bullitov
20 октября 19:16,Автор не известен,«Надо принять это как должное». Буцаев — об увольнении из «Барыса»,https://matchtv.ru/hockey/matchtvnews_NI2122930_Nado_prinat_eto_kak_dolzhnoje_Bucajev__ob_uvolnenii_iz_Barysa
20 октября 18:47,Автор не известен,Канадский защитник «Нефтехимика» — о жизни в России: «Полный культурный шок»,https://matchtv.ru/hockey/matchtvnews_NI2122905_Kanadskij_zashhitnik_Neftehimika__o_zhizni_v_Rossii_Polnyj_kulturnyj_shok
20 октября 18:17,Автор не известен,«Увольнение стало ледяным душем». Буцаев — о подробностях ухода из «Барыса»,https://matchtv.ru/hockey/matchtvnews_NI2122875_Uvolnenije_stalo_ledanym_dushem_Bucajev__o_podrobnostah_uhoda_iz_Barysa
20 октября 17:16,Автор не известен,"Легионер «Нефтехимика» назвал действующего российского защитника, за которым следил в детстве",https://matchtv.ru/hockey/matchtvnews_NI2122827_Legioner_Neftehimika_nazval_dejstvujushhego_rossijskogo_zashhitnika_za_kotorym_sledil_v_detstve
20 октября 16:16,Автор не известен,Канадский игрок «Нефтехимика» назвал двух самых сложных соперников в КХЛ,https://matchtv.ru/hockey/matchtvnews_NI2122788_Kanadskij_igrok_Neftehimika_nazval_dvuh_samyh_slozhnyh_sopernikov_v_KKhL
20 октября 12:08,Автор не известен,"«Эмоции суперские, игра — бомба». Нападающий СКА Глотов о матче с ЦСКА",https://matchtv.ru/hockey/matchtvnews_NI2122664_Emocii_superskije_igra__bomba_Napadajushhij_SKA_Glotov_o_matche_s_CSKA
19 октября 23:03,Автор не известен,«Бум хоккея начался в Нижнем Новгороде с приходом Ларионова» — игрок «Торпедо» Конюшков,https://matchtv.ru/hockey/matchtvnews_NI2122539_Bum_khokkeja_nachalsa_v_Nizhnem_Novgorode_s_prihodom_Larionova__igrok_Torpedo_Konushkov
19 октября 22:26,Автор не известен,"Хоккеист «Торпедо» Конюшков: «Когда Ларионов отбивает кулачок, приятно коснуться перстня обладателя Кубка Стэнли»",https://matchtv.ru/hockey/matchtvnews_NI2122524_Hokkeist_Torpedo_Konushkov_Kogda_Larionov_otbivajet_kulachok_prijatno_kosnutsa_perstna_obladatela_Kubka_Stenli
19 октября 21:08,Павел Левкович,«Торопились на ужин или на матч «Манчестер Юнайтед» — Ларионов об уходе зрителей с серии буллитов в матче с «Динамо»,https://matchtv.ru/hockey/matchtvnews_NI2122479_Toropilis_na_uzhin_ili_na_match_Manchester_Junajted__Larionov_ob_uhode_zritelej_s_serii_bullitov_v_matche_s_Dinamo
19 октября 20:36,Автор не известен,"«Видно, что Ларионов с каждым днем растет как тренер, а мы растем вместе с ним» — игрок ХК «Торпедо» Конюшков",https://matchtv.ru/hockey/matchtvnews_NI2122467_Vidno_chto_Larionov_s_kazhdym_dnem_rastet_kak_trener_a_my_rastem_vmeste_s_nim__igrok_KhK_Torpedo_Konushkov
19 октября 20:32,Павел Левкович,"«Приятно, что специалисты такого уровня приезжают в Нижний Новгород» — Ларионов о назначении Ганчаренко в «Пари НН»",https://matchtv.ru/hockey/matchtvnews_NI2122465_Prijatno_chto_specialisty_takogo_urovna_prijezzhajut_v_Nizhnij_Novgorod__Larionov_o_naznachenii_Gancharenko_v_Pari_NN
19 октября 20:28,Павел Левкович,Тренер «Динамо» Кудашов — о матче КХЛ с «Торпедо»: «Арбитр извинился за первое удаление Уила в третьем периоде»,https://matchtv.ru/hockey/matchtvnews_NI2122463_Trener_Dinamo_Kudashov__o_matche_KKhL_s_Torpedo_Arbitr_izvinilsa_za_pervoje_udalenije_Uila_v_tretjem_periode
19 октября 19:51,Автор не известен,Московское «Динамо» в серии буллитов победило «Торпедо» в матче КХЛ,https://matchtv.ru/hockey/matchtvnews_NI2122443_Moskovskoje_Dinamo_v_serii_bullitov_pobedilo_Torpedo_v_matche_KKhL
19 октября 19:50,Никита Максимов,"Щитов считает, что рекорд Шипачева по количеству матчей в КХЛ вряд ли будет побит в ближайшие 10 лет",https://matchtv.ru/hockey/matchtvnews_NI2122442_Shhitov_schitajet_chto_rekord_Shipacheva_po_kolichestvu_matchej_v_KKhL_vrad_li_budet_pobit_v_blizhajshije_10_let
19 октября 19:29,Автор не известен,Вадим Шипачев повторил рекорд Сергея Мозякина по набранным очкам в КХЛ,https://matchtv.ru/hockey/matchtvnews_NI2122431_Vadim_Shipachev_povtoril_rekord_Sergeja_Mozakina_po_nabrannym_ochkam_v_KKhL
19 октября 19:17,Автор не известен,«Локомотив» обыграл «Барыс» в матче КХЛ,https://matchtv.ru/hockey/matchtvnews_NI2122405_Lokomotiv_obygral_Barys_v_matche_KKhL
19 октября 18:47,Автор не известен,"Спортивный директор «Металлурга» Бирюков рассказал, как выстраивается его общение с Разиным",https://matchtv.ru/hockey/matchtvnews_NI2122375_Sportivnyj_direktor_Metallurga_Birukov_rasskazal_kak_vystraivajetsa_jego_obshhenije_s_Razinym
19 октября 18:36,Павел Лысенков,"Агент Шипачева — о рекорде игрока: «Главное, что в его душе до сих пор горит огонь и он очень любит хоккей»",https://matchtv.ru/hockey/matchtvnews_NI2122352_Agent_Shipacheva__o_rekorde_igroka_Glavnoje_chto_v_jego_dushe_do_sih_por_gorit_ogon_i_on_ochen_lubit_khokkej
19 октября 18:32,Автор не известен,Хоккеист «Торпедо» Конюшков: «Хочется привезти Кубок Гагарина в Нижний Новгород»,https://matchtv.ru/hockey/matchtvnews_NI2122347_Hokkeist_Torpedo_Konushkov_Khochetsa_privezti_Kubok_Gagarina_v_Nizhnij_Novgorod
19 октября 17:41,Автор не известен,"«Торпедо» стало играть ответственнее в обороне, но наш атакующий стиль никуда не делся» — хоккеист Конюшков",https://matchtv.ru/hockey/matchtvnews_NI2122285_Torpedo_stalo_igrat_otvetstvenneje_v_oborone_no_nash_atakujushhij_stil_nikuda_ne_delsa__khokkeist_Konushkov
19 октября 17:35,Андрей Ирха,"Тренер «Сибири»: «Мы готовились к матчу в холодном дворце. Физически одаренные игроки менялись через 30 секунд, они задыхались»",https://matchtv.ru/hockey/matchtvnews_NI2122245_Trener_Sibiri_My_gotovilis_k_matchu_v_kholodnom_dvorce_Fizicheski_odarennyje_igroki_menalis_cherez_30_sekund_oni_zadyhalis
